{"StageName":"StageName","StageNo":1,"gearObjects":[],"arrowObjects":[{"Position":{"x":-1.6100000143051148,"y":1.3700000047683716,"z":0.09000000357627869},"Rotation":{"x":2.3599328994750978,"y":184.41770935058595,"z":162.69822692871095},"Scale":{"x":8.0,"y":8.0,"z":8.0},"MyName":"arrow_goal(Clone)"},{"Position":{"x":0.30000001192092898,"y":-0.03999999910593033,"z":0.0},"Rotation":{"x":0.0,"y":0.0,"z":262.91058349609377},"Scale":{"x":8.0,"y":8.0,"z":8.0},"MyName":"arrow_start(Clone)"}]}